{"cameraMode":{"drawMode":0,"name":"Shaded","section":"Shading Mode"},"sceneLighting":false,"audioPlay":false,"sceneViewState":{"showFog":true,"showMaterialUpdate":false,"showSkybox":false,"showFlares":true,"showImageEffects":true,"showParticleSystems":true},"in2DMode":false,"pivot":{"x":0.16552668809890748,"y":0.7106915712356567,"z":0.11485294252634049},"rotation":{"x":-0.025392336770892144,"y":0.8343125581741333,"z":0.03856567665934563,"w":0.5493611097335815},"size":0.00005717853127862327,"orthographic":false}