{"cameraMode":{"drawMode":0,"name":"Shaded","section":"Shading Mode"},"sceneLighting":false,"audioPlay":false,"sceneViewState":{"showFog":true,"showMaterialUpdate":false,"showSkybox":false,"showFlares":true,"showImageEffects":true,"showParticleSystems":true},"in2DMode":false,"pivot":{"x":7.406763076782227,"y":0.7184450626373291,"z":-5.106220245361328},"rotation":{"x":0.007316493894904852,"y":0.9001928567886353,"z":-0.015132657252252102,"w":0.435174822807312},"size":10.8524169921875,"orthographic":false}