{"cameraMode":{"drawMode":0,"name":"Shaded","section":"Shading Mode"},"sceneLighting":true,"audioPlay":false,"sceneViewState":{"showFog":true,"showMaterialUpdate":false,"showSkybox":true,"showFlares":true,"showImageEffects":true,"showParticleSystems":true},"in2DMode":false,"pivot":{"x":0.19690966606140138,"y":1.533347725868225,"z":0.39246460795402529},"rotation":{"x":-0.08434014767408371,"y":0.6467430591583252,"z":-0.07228732854127884,"w":-0.7545777559280396},"size":10.561918258666993,"orthographic":false}